State,Crop,Season,Area_hectares,Rainfall_mm,Temperature_c,Humidity_percent,Nitrogen,Phosphorus,Potassium,Soil_pH,Yield_ton_per_hectare
West Bengal,Rice,Kharif,4.91,234.9,39.5,55.9,93.4,69.9,69.6,6.9,6.3
Odisha,Wheat,Rabi,4.85,290.0,17.4,71.7,83.7,70.0,58.1,6.0,3.89
Bihar,Maize,Kharif,3.71,65.7,21.2,70.3,100.0,48.8,37.5,7.5,4.3
Bihar,Maize,Zaid,1.42,118.8,31.4,88.7,80.6,51.2,64.7,7.7,4.61
Mizoram,Rice,Kharif,4.9,253.5,15.6,66.7,88.6,40.7,67.6,6.4,6.17
Bihar,Rice,Kharif,2.55,164.7,39.8,80.2,134.8,68.6,39.2,7.0,5.15
Assam,Sugarcane,Rabi,1.24,270.6,17.2,48.2,116.5,53.5,71.5,6.0,66.85
Goa,Soybean,Kharif,3.88,238.5,32.5,46.9,109.8,47.6,45.6,7.8,1.99
Madhya Pradesh,Sugarcane,Zaid,2.06,249.6,23.7,66.7,90.2,50.7,85.9,5.6,96.95
Sikkim,Sugarcane,Kharif,2.82,204.4,21.4,53.1,86.9,58.7,38.1,7.5,68.45
Uttar Pradesh,Cotton,Zaid,3.88,86.6,36.8,62.6,113.0,75.0,85.9,6.9,3.14
Punjab,Cotton,Rabi,4.36,128.7,20.5,48.2,118.8,76.5,70.6,7.8,3.12
Odisha,Sugarcane,Kharif,1.98,197.3,25.4,83.5,66.2,56.6,70.8,5.6,90.25
Madhya Pradesh,Sugarcane,Kharif,4.19,97.6,33.8,80.7,98.6,72.1,68.1,7.0,86.59
Tripura,Cotton,Kharif,0.71,238.2,30.5,84.6,85.8,57.2,71.0,6.0,2.52
Arunachal Pradesh,Maize,Zaid,0.93,160.0,31.7,49.5,112.8,52.1,75.0,7.5,3.39
Madhya Pradesh,Sugarcane,Rabi,2.97,211.0,25.7,78.7,57.5,62.8,75.5,7.6,79.42
Madhya Pradesh,Sugarcane,Kharif,1.04,247.2,29.5,44.6,149.4,53.4,52.4,7.1,78.49
Sikkim,Sugarcane,Kharif,1.75,239.3,19.6,55.2,68.9,58.4,31.7,7.2,96.54
Assam,Cotton,Kharif,2.88,253.2,20.3,64.3,85.9,61.8,55.7,7.5,3.35
Jharkhand,Soybean,Zaid,2.52,185.1,18.5,57.5,66.3,68.5,68.2,7.4,2.98
Sikkim,Cotton,Kharif,2.76,276.3,29.6,85.7,78.5,53.2,36.5,7.8,1.57
Manipur,Soybean,Zaid,3.94,179.8,24.8,64.0,50.4,58.1,34.0,5.5,2.57
Himachal Pradesh,Sugarcane,Kharif,4.54,177.5,22.7,68.1,102.7,65.3,74.7,7.4,75.67
Sikkim,Soybean,Rabi,4.76,138.1,38.5,84.9,125.7,49.9,39.2,5.8,3.05
Rajasthan,Wheat,Rabi,3.86,52.2,29.3,53.0,140.2,55.4,66.8,6.7,5.39
Jharkhand,Maize,Kharif,2.92,235.9,36.0,71.2,146.9,44.7,76.0,6.7,2.41
Rajasthan,Rice,Rabi,0.69,138.1,25.1,86.6,75.5,55.0,43.7,5.8,4.9
Uttar Pradesh,Wheat,Zaid,0.93,110.7,26.8,57.8,85.7,51.0,61.6,6.6,4.34
Punjab,Soybean,Zaid,0.66,196.7,36.2,67.4,82.9,66.9,57.5,5.6,2.04
Andhra Pradesh,Cotton,Rabi,1.25,212.2,30.3,58.8,104.2,76.6,35.1,7.1,1.8
Maharashtra,Cotton,Rabi,1.85,135.0,24.7,53.5,94.6,67.9,76.9,6.1,1.39
Assam,Soybean,Zaid,3.86,43.3,28.9,83.8,111.5,71.9,31.5,7.5,1.85
West Bengal,Maize,Kharif,1.23,208.8,30.9,71.7,73.8,62.5,45.4,7.7,4.31
Chhattisgarh,Wheat,Rabi,3.76,98.3,18.4,58.7,64.7,31.7,49.8,5.8,2.93
Assam,Maize,Rabi,2.57,236.3,24.0,81.2,56.5,61.7,39.8,5.8,4.37
Madhya Pradesh,Cotton,Zaid,2.16,155.0,35.3,60.4,92.3,45.4,73.1,6.0,1.32
Jharkhand,Wheat,Zaid,4.93,195.4,16.6,62.1,107.4,50.7,81.2,6.8,5.31
Sikkim,Sugarcane,Rabi,2.66,295.8,38.2,66.9,84.4,75.3,44.6,5.8,91.39
Himachal Pradesh,Maize,Rabi,2.34,251.9,38.5,64.4,51.2,68.2,33.4,6.9,3.81
Arunachal Pradesh,Maize,Kharif,3.89,42.0,27.5,54.3,138.5,56.1,57.9,5.6,2.37
Chhattisgarh,Wheat,Rabi,2.72,128.3,33.0,72.8,59.7,51.9,78.5,5.8,2.62
Maharashtra,Rice,Rabi,0.89,56.5,36.6,76.3,126.1,71.6,81.7,6.3,4.39
Chhattisgarh,Rice,Rabi,3.51,220.0,28.7,70.2,146.5,73.2,37.7,6.5,3.73
Bihar,Soybean,Rabi,3.48,247.5,28.7,42.0,94.4,40.0,73.6,6.8,1.57
Tamil Nadu,Maize,Kharif,1.42,234.6,24.5,81.2,95.9,51.0,52.9,7.3,4.99
Karnataka,Rice,Zaid,1.02,66.3,21.0,77.2,85.7,55.0,86.2,7.6,3.59
Manipur,Wheat,Rabi,4.73,50.4,35.9,50.4,139.1,62.1,39.8,6.8,3.75
Jharkhand,Cotton,Zaid,1.69,266.1,33.4,79.2,94.4,77.2,73.0,6.6,3.24
Mizoram,Rice,Rabi,4.89,215.7,37.1,44.9,97.3,55.6,41.9,6.8,5.09
Mizoram,Rice,Rabi,1.97,197.2,29.2,62.4,149.2,62.0,41.5,5.6,4.55
Jharkhand,Rice,Zaid,2.84,106.2,19.7,60.9,132.4,48.3,66.3,7.5,6.33
Karnataka,Rice,Rabi,0.94,99.2,37.6,60.7,131.7,59.7,35.9,7.4,3.53
Karnataka,Cotton,Kharif,2.08,203.0,16.3,67.0,63.8,43.3,70.2,6.3,2.42
Nagaland,Cotton,Zaid,4.37,135.8,28.5,71.9,92.6,46.0,55.0,6.4,2.13
Assam,Wheat,Rabi,1.34,198.9,32.8,69.1,131.6,68.7,57.0,7.6,3.93
Maharashtra,Soybean,Zaid,4.28,262.1,38.2,59.8,57.9,47.0,63.6,6.7,2.79
Sikkim,Wheat,Kharif,2.14,128.1,22.1,75.9,141.5,70.7,82.6,6.8,3.88
Arunachal Pradesh,Cotton,Zaid,0.72,109.2,19.4,68.3,115.6,61.6,56.4,6.4,2.65
Madhya Pradesh,Cotton,Zaid,0.98,161.8,39.3,47.4,78.3,30.0,32.5,5.9,2.35
Andhra Pradesh,Maize,Rabi,2.1,125.6,16.8,65.0,98.2,52.6,51.7,7.2,3.39
Maharashtra,Cotton,Rabi,1.85,50.3,33.9,85.6,77.7,30.2,61.4,7.6,1.55
Chhattisgarh,Soybean,Zaid,4.03,298.1,32.7,88.2,87.1,42.9,63.0,7.4,1.54
Telangana,Sugarcane,Kharif,1.3,170.6,17.5,84.8,79.4,77.4,35.2,6.0,68.84
Meghalaya,Wheat,Zaid,3.63,175.6,32.1,83.5,67.1,50.3,64.0,5.6,4.84
Tamil Nadu,Sugarcane,Kharif,2.42,236.9,34.3,53.2,55.6,53.3,81.6,6.0,66.22
Haryana,Wheat,Zaid,2.91,241.8,33.5,52.1,142.0,34.0,34.1,6.4,4.58
Maharashtra,Sugarcane,Zaid,1.6,103.1,35.2,53.4,61.1,79.9,75.0,7.0,92.0
Goa,Maize,Zaid,2.22,95.9,20.3,78.6,55.2,31.8,41.2,7.6,2.48
West Bengal,Wheat,Zaid,2.73,284.6,27.3,65.4,130.4,57.0,44.3,7.6,3.56
Andhra Pradesh,Sugarcane,Kharif,4.05,101.7,31.3,66.2,105.8,63.3,88.0,6.4,85.85
Rajasthan,Soybean,Kharif,2.29,261.8,33.6,40.7,85.7,76.6,30.2,5.6,2.38
Meghalaya,Cotton,Kharif,4.09,212.7,15.0,76.0,115.2,67.5,77.8,6.3,2.58
Bihar,Rice,Rabi,4.59,115.2,23.4,72.2,102.0,69.8,73.6,6.5,5.23
Kerala,Cotton,Rabi,1.76,272.6,33.5,45.4,71.1,62.6,61.1,6.5,2.62
Manipur,Soybean,Rabi,3.85,188.7,19.5,85.4,143.0,36.3,44.7,7.0,2.32
Nagaland,Soybean,Kharif,2.64,127.7,34.1,54.7,79.3,62.2,62.0,5.7,2.62
Punjab,Cotton,Kharif,1.8,46.7,27.0,88.9,120.2,37.7,35.2,6.3,3.09
Manipur,Maize,Kharif,1.79,133.0,15.4,69.3,127.0,78.0,68.1,5.6,4.51
Haryana,Cotton,Zaid,4.5,181.4,20.7,43.3,56.4,46.0,73.2,7.6,3.1
Nagaland,Wheat,Kharif,4.12,83.8,29.4,75.4,109.0,70.7,76.1,6.0,4.79
Arunachal Pradesh,Maize,Zaid,3.49,72.3,36.8,78.1,96.2,59.5,35.4,7.0,2.07
Himachal Pradesh,Rice,Zaid,2.14,84.4,20.8,88.1,136.4,56.1,88.7,7.2,5.93
Maharashtra,Wheat,Zaid,0.71,118.2,28.7,84.9,93.6,53.5,60.9,7.5,3.1
Rajasthan,Rice,Zaid,2.22,296.1,33.9,68.9,56.2,41.7,30.0,6.0,6.24
Rajasthan,Cotton,Zaid,1.25,232.1,32.1,69.5,119.4,37.9,88.0,7.5,2.05
Punjab,Cotton,Kharif,3.78,269.2,28.2,47.7,77.8,74.5,83.9,5.5,1.48
Sikkim,Sugarcane,Kharif,2.49,208.9,39.2,65.4,69.3,61.6,31.9,6.8,71.19
Meghalaya,Wheat,Rabi,0.99,50.0,27.6,72.1,65.5,48.2,88.4,6.4,2.8
Uttarakhand,Maize,Rabi,3.79,115.5,33.8,48.0,85.3,61.8,50.2,5.5,4.88
Madhya Pradesh,Sugarcane,Kharif,1.69,116.4,34.1,87.3,136.3,58.9,47.5,6.0,76.26
Tamil Nadu,Cotton,Zaid,3.44,108.8,21.8,41.7,106.2,30.6,35.2,6.5,1.25
Andhra Pradesh,Sugarcane,Kharif,4.23,43.5,28.3,52.4,87.8,74.1,81.1,6.0,92.52
Telangana,Rice,Rabi,0.83,256.7,15.6,83.7,50.5,55.1,81.5,7.5,5.54
Mizoram,Rice,Rabi,3.84,298.2,38.9,52.6,65.3,53.1,55.7,5.8,5.95
Madhya Pradesh,Maize,Kharif,1.34,103.2,37.4,67.7,86.5,51.9,78.3,7.6,3.86
Maharashtra,Rice,Rabi,0.56,222.7,31.3,54.1,68.7,46.6,45.2,5.8,4.46
Telangana,Sugarcane,Kharif,2.77,201.4,20.4,71.5,75.9,47.4,49.8,7.4,95.18
Goa,Cotton,Kharif,3.77,246.0,15.3,75.4,64.8,38.7,73.8,6.5,1.93
Tamil Nadu,Wheat,Rabi,3.44,95.1,25.4,46.8,55.6,66.2,39.4,7.3,4.88
Sikkim,Wheat,Kharif,2.38,273.5,18.8,80.3,119.8,62.3,44.7,5.8,3.72
Haryana,Maize,Rabi,4.82,213.9,38.6,54.6,149.7,54.3,81.2,7.0,4.22
Maharashtra,Maize,Rabi,0.55,140.0,23.3,89.1,54.8,39.5,53.3,5.7,4.94
Uttarakhand,Wheat,Rabi,1.99,201.9,27.0,46.8,76.4,70.3,46.6,7.0,4.09
Kerala,Rice,Kharif,1.96,244.6,22.9,82.8,134.6,46.4,47.3,6.4,4.47
Nagaland,Wheat,Rabi,4.87,72.2,33.0,67.5,58.0,61.4,71.7,6.9,4.29
Kerala,Maize,Kharif,1.8,135.2,17.0,86.2,106.6,31.4,83.4,6.5,2.96
Uttarakhand,Maize,Zaid,2.87,285.8,32.6,75.2,64.9,56.0,54.4,6.7,4.78
Nagaland,Soybean,Zaid,1.24,123.4,38.7,56.0,112.0,79.6,86.8,7.6,2.54
Uttar Pradesh,Sugarcane,Rabi,1.07,287.9,16.1,78.9,121.4,77.6,78.1,6.1,81.36
Meghalaya,Sugarcane,Kharif,2.29,189.3,25.1,81.7,108.1,54.3,86.4,6.3,77.69
Nagaland,Soybean,Kharif,1.01,235.9,37.8,82.3,91.1,45.4,49.0,7.2,1.62
Kerala,Rice,Kharif,4.83,111.7,29.7,80.7,147.3,63.0,89.9,6.9,6.37
Tripura,Cotton,Zaid,4.44,132.7,36.3,49.5,68.2,58.0,85.0,5.6,2.33
Uttarakhand,Cotton,Zaid,1.66,299.1,15.7,85.9,136.3,38.8,51.5,5.9,3.23
Telangana,Wheat,Rabi,0.99,225.8,22.1,64.1,111.7,55.1,81.3,5.5,3.59
Assam,Rice,Zaid,1.29,232.8,26.6,43.7,114.5,60.9,81.5,6.3,5.51
Haryana,Sugarcane,Rabi,1.08,81.0,15.1,62.0,71.1,30.7,32.7,6.7,96.4
Karnataka,Rice,Kharif,4.27,277.6,36.6,71.7,81.8,49.5,42.3,7.4,6.24
Punjab,Cotton,Zaid,1.5,133.7,27.1,72.6,92.2,47.1,47.8,7.0,1.6
Uttar Pradesh,Rice,Zaid,1.71,71.5,26.1,89.6,142.9,69.4,71.6,7.7,5.63
Uttar Pradesh,Sugarcane,Rabi,4.45,168.8,28.0,86.9,140.6,41.5,47.0,7.6,77.07
Karnataka,Sugarcane,Kharif,1.89,274.1,24.8,75.9,146.7,79.2,84.0,5.6,96.36
Haryana,Cotton,Kharif,4.12,251.3,30.6,41.5,88.4,59.0,33.4,5.8,3.26
Manipur,Cotton,Kharif,0.5,213.3,21.7,81.0,130.9,63.0,71.6,7.0,2.74
Manipur,Sugarcane,Rabi,1.54,218.7,20.5,71.3,132.4,53.7,38.1,7.2,69.96
Uttar Pradesh,Rice,Kharif,1.26,47.4,21.1,68.6,114.5,54.3,32.9,6.1,3.95
Gujarat,Cotton,Rabi,3.33,51.7,15.2,83.6,95.3,77.4,87.5,5.9,1.41
Bihar,Rice,Rabi,0.92,271.1,38.1,49.7,103.4,53.5,37.2,7.3,4.79
Meghalaya,Wheat,Kharif,2.79,110.5,15.7,88.6,146.6,42.6,62.3,7.4,5.33
Gujarat,Rice,Zaid,3.4,54.0,22.9,46.4,141.1,71.6,83.1,7.1,5.71
Bihar,Maize,Zaid,4.51,228.3,38.8,61.9,54.5,56.1,42.3,7.0,4.74
Tripura,Cotton,Kharif,4.4,103.2,29.6,52.5,104.1,51.7,84.9,6.9,2.08
Nagaland,Rice,Kharif,3.76,288.9,20.6,43.4,115.1,37.6,83.8,7.6,4.24
Maharashtra,Rice,Zaid,0.91,159.8,34.1,66.5,99.9,42.4,30.2,6.3,5.5
Assam,Rice,Kharif,1.11,233.8,36.8,70.0,69.7,49.9,39.1,7.2,5.86
Maharashtra,Sugarcane,Zaid,1.54,66.3,18.5,75.3,93.8,66.2,64.3,6.4,87.51
Maharashtra,Cotton,Zaid,3.73,179.2,20.7,65.1,50.5,68.3,75.4,6.7,1.8
Nagaland,Rice,Zaid,0.86,163.6,27.5,70.7,90.2,65.3,38.7,6.9,4.02
Assam,Maize,Zaid,1.47,258.9,25.7,84.0,124.0,53.4,45.0,6.1,3.18
Nagaland,Sugarcane,Kharif,1.47,271.4,16.9,80.5,86.6,68.8,40.0,6.1,71.76
Arunachal Pradesh,Sugarcane,Rabi,2.87,297.5,16.2,63.1,60.0,36.8,53.1,6.1,84.94
Jharkhand,Cotton,Kharif,3.36,254.8,37.0,83.4,121.3,48.2,82.7,6.8,2.04
Andhra Pradesh,Cotton,Zaid,2.04,127.0,20.3,72.7,58.6,55.1,46.4,7.5,2.98
Himachal Pradesh,Wheat,Zaid,0.67,45.7,32.2,81.0,52.5,36.8,39.1,6.3,3.87
Odisha,Soybean,Kharif,3.34,139.8,22.2,69.4,109.1,68.8,37.6,7.6,2.96
Uttarakhand,Cotton,Rabi,2.75,249.4,19.4,87.7,130.1,67.9,85.6,5.8,3.28
Tripura,Sugarcane,Zaid,3.67,279.6,16.6,78.2,102.6,69.5,36.7,5.6,96.66
Maharashtra,Rice,Kharif,4.03,55.6,39.4,41.4,67.9,49.0,67.8,6.9,4.44
Meghalaya,Wheat,Zaid,1.87,239.0,22.8,73.4,73.5,52.7,49.6,5.9,3.58
Karnataka,Maize,Rabi,2.79,111.8,36.8,49.7,77.6,56.8,51.3,7.0,2.42
Nagaland,Wheat,Zaid,3.85,265.8,28.0,82.4,69.6,67.7,67.0,5.8,3.19
Uttar Pradesh,Sugarcane,Rabi,3.49,151.1,31.1,57.5,53.3,65.8,32.2,7.0,69.76
West Bengal,Soybean,Zaid,3.81,218.8,31.9,81.2,135.8,75.3,83.0,6.8,2.79
Mizoram,Maize,Rabi,3.69,117.9,39.8,76.6,129.4,76.3,80.8,7.1,4.94
Haryana,Wheat,Kharif,1.74,169.6,22.8,77.9,96.2,64.7,41.2,6.0,5.29
Odisha,Sugarcane,Zaid,3.25,171.0,34.0,66.8,53.2,75.3,32.7,6.3,93.81
Arunachal Pradesh,Wheat,Zaid,4.88,286.7,35.7,72.4,88.5,45.5,36.3,5.9,3.66
Goa,Maize,Kharif,4.62,243.3,29.1,67.6,120.7,39.1,33.7,6.5,4.27
Uttarakhand,Wheat,Kharif,1.32,74.7,33.1,62.0,111.4,74.8,60.2,6.3,4.59
Tripura,Rice,Rabi,4.55,142.5,21.2,58.2,78.4,73.7,42.9,5.6,4.98
Odisha,Cotton,Kharif,4.95,169.4,36.4,69.5,55.6,37.4,46.6,6.7,1.24
Sikkim,Maize,Zaid,3.04,47.2,21.3,69.4,89.7,48.0,80.8,5.8,4.51
Kerala,Rice,Kharif,3.45,80.3,23.4,77.9,82.2,58.3,82.5,7.0,3.98
Uttar Pradesh,Rice,Zaid,1.76,43.7,34.6,62.7,63.7,71.4,71.3,6.7,4.01
Maharashtra,Maize,Kharif,0.57,149.7,29.9,67.1,135.7,38.8,38.7,6.9,3.25
Punjab,Soybean,Zaid,2.03,288.2,23.0,56.8,68.7,31.1,60.0,6.3,1.82
Odisha,Sugarcane,Zaid,1.52,246.5,24.6,79.0,104.6,31.5,83.1,6.6,78.04
Madhya Pradesh,Maize,Zaid,3.1,117.3,20.2,66.4,66.4,37.3,33.8,7.3,2.79
Bihar,Soybean,Kharif,4.57,284.3,37.2,44.0,124.6,66.3,51.4,7.0,3.49
Meghalaya,Soybean,Zaid,1.37,113.7,19.5,86.2,119.2,72.5,42.9,7.1,1.71
Jharkhand,Wheat,Kharif,1.81,209.6,30.7,80.6,106.6,70.8,62.3,7.5,3.09
Himachal Pradesh,Sugarcane,Zaid,4.33,106.5,21.3,77.5,58.8,71.2,32.9,6.2,98.89
Gujarat,Maize,Zaid,3.78,236.0,17.2,54.4,69.6,37.6,71.6,6.6,3.15
Bihar,Rice,Zaid,4.11,158.1,29.3,50.7,145.7,30.4,34.9,6.2,4.28
Tamil Nadu,Rice,Kharif,3.72,248.1,22.8,86.4,81.7,52.3,79.4,7.5,6.49
Andhra Pradesh,Sugarcane,Rabi,3.82,205.9,22.1,58.1,120.0,31.9,47.4,5.9,78.4
Bihar,Cotton,Rabi,1.04,90.0,15.7,56.0,117.8,44.3,59.3,7.0,1.67
Punjab,Rice,Kharif,1.25,197.0,22.0,86.1,86.6,40.2,53.1,7.4,4.46
Punjab,Sugarcane,Zaid,2.69,144.4,33.0,43.5,102.8,33.4,76.2,7.2,84.89
Punjab,Cotton,Rabi,2.04,179.7,16.2,59.7,69.9,56.9,49.6,7.5,3.18
Chhattisgarh,Soybean,Rabi,2.24,47.9,37.3,57.8,148.5,68.4,52.5,6.7,2.44
Tripura,Soybean,Zaid,1.53,286.4,24.5,70.5,137.2,34.9,81.6,5.9,2.12
Uttar Pradesh,Rice,Zaid,4.22,199.1,37.2,56.9,53.5,30.5,80.8,5.7,5.02
Haryana,Sugarcane,Zaid,3.53,297.5,37.6,78.7,113.8,58.6,50.2,5.6,86.42
Tripura,Maize,Rabi,2.37,111.1,15.4,70.3,83.1,42.4,48.7,6.6,3.78
Uttarakhand,Sugarcane,Zaid,1.13,50.7,30.6,69.0,119.5,46.8,76.2,7.5,86.27
Punjab,Soybean,Zaid,1.16,298.0,30.5,69.3,67.4,56.6,86.2,7.4,2.13
Sikkim,Rice,Kharif,4.74,59.9,32.7,53.8,147.0,38.0,81.5,7.3,6.45
Tripura,Sugarcane,Kharif,1.31,104.7,24.2,88.2,58.6,36.7,58.1,6.3,61.49
Odisha,Sugarcane,Rabi,4.5,71.1,19.5,44.7,55.8,78.9,38.6,7.3,66.96
Uttarakhand,Cotton,Zaid,1.82,45.6,18.6,75.0,65.5,79.6,42.7,7.0,2.31
Nagaland,Soybean,Kharif,1.72,191.7,24.1,89.1,138.6,32.5,45.4,7.8,3.19
Mizoram,Wheat,Zaid,0.64,111.1,27.4,42.7,97.8,77.1,37.5,7.8,3.17
Manipur,Rice,Zaid,3.33,210.0,29.6,64.4,91.8,32.6,78.0,6.0,4.19
Arunachal Pradesh,Soybean,Kharif,4.78,219.8,22.5,80.7,115.6,52.5,36.4,7.7,1.61
Kerala,Cotton,Rabi,1.99,54.7,19.9,40.1,94.1,69.9,53.4,6.4,3.23
Bihar,Sugarcane,Kharif,3.26,283.4,24.5,78.7,138.5,67.7,38.3,7.2,95.54
Odisha,Maize,Zaid,0.55,233.1,31.9,42.6,140.5,68.9,64.7,6.4,3.66
West Bengal,Cotton,Zaid,3.98,123.7,16.4,60.4,51.2,74.3,50.4,6.3,2.63
Assam,Maize,Zaid,3.5,143.6,19.0,84.8,96.5,56.0,54.0,5.7,4.65
Karnataka,Rice,Zaid,1.68,266.1,17.5,69.0,68.1,79.7,59.6,7.6,4.36
West Bengal,Sugarcane,Kharif,1.52,226.8,26.2,59.5,65.4,57.0,63.7,6.3,70.1
Punjab,Soybean,Kharif,3.81,192.9,25.6,67.3,67.5,70.1,30.8,6.7,2.26
Tamil Nadu,Maize,Zaid,2.92,295.9,30.1,86.0,62.7,68.1,60.6,7.8,4.84
Manipur,Rice,Zaid,1.53,296.3,26.9,43.5,132.8,76.1,60.0,7.3,4.53
Gujarat,Cotton,Zaid,3.43,44.5,18.7,58.8,79.5,49.1,70.0,6.7,1.55
Gujarat,Maize,Rabi,4.19,66.3,24.9,69.3,70.1,53.6,89.8,7.4,4.72
Telangana,Sugarcane,Rabi,3.99,78.0,15.3,72.3,129.6,64.0,76.6,6.0,90.25
Odisha,Wheat,Kharif,1.77,211.6,19.0,60.5,127.0,38.4,58.4,5.6,3.84
Maharashtra,Maize,Zaid,3.45,213.8,16.6,69.0,70.5,53.6,42.3,6.4,2.55
Odisha,Maize,Rabi,2.3,183.2,17.2,74.1,55.6,65.3,53.8,5.9,3.92
Assam,Soybean,Kharif,0.66,65.1,28.1,50.8,92.1,38.3,74.8,7.0,3.39
Haryana,Cotton,Kharif,1.12,243.2,35.9,67.9,96.2,65.1,55.3,6.1,1.98
Manipur,Maize,Rabi,4.61,292.8,26.0,53.2,76.1,46.7,89.9,7.8,2.65
Uttarakhand,Maize,Rabi,4.53,98.6,32.9,44.9,66.9,46.5,68.1,7.2,2.78
Punjab,Cotton,Zaid,4.18,50.5,26.4,54.8,56.3,31.0,44.8,7.5,1.86
Telangana,Maize,Rabi,1.59,290.1,28.1,60.6,143.1,54.8,38.0,7.3,4.07
Manipur,Sugarcane,Zaid,3.93,91.4,21.3,77.0,62.9,34.9,36.5,5.5,69.41
Tamil Nadu,Maize,Zaid,1.42,206.9,31.3,56.4,56.7,65.8,62.9,7.6,2.53
Jharkhand,Sugarcane,Zaid,3.24,63.2,34.8,68.5,138.1,71.0,67.9,5.9,75.66
Gujarat,Sugarcane,Rabi,2.48,254.0,19.9,50.9,56.4,49.9,83.9,7.2,76.94
Nagaland,Sugarcane,Rabi,1.99,96.5,18.6,70.3,77.5,44.2,65.0,7.4,72.88
Rajasthan,Soybean,Rabi,2.43,173.1,35.2,44.8,137.6,67.4,36.6,7.7,1.78
Tamil Nadu,Maize,Kharif,1.97,296.9,31.5,40.8,113.6,71.7,68.6,6.6,3.53
Punjab,Maize,Zaid,1.2,127.8,34.5,49.2,134.7,36.7,62.6,6.4,2.45
Meghalaya,Rice,Zaid,1.31,156.1,30.5,54.8,89.0,73.9,38.6,5.9,6.27
Jharkhand,Sugarcane,Zaid,2.46,191.6,16.3,85.1,107.8,42.8,61.4,6.0,93.15
Goa,Rice,Zaid,4.54,231.6,35.3,62.9,95.6,56.7,87.5,7.7,6.07
Uttarakhand,Soybean,Kharif,0.95,192.9,25.4,40.4,127.4,64.7,73.7,7.1,2.65
Tripura,Soybean,Kharif,4.15,69.4,37.8,56.5,84.1,41.6,73.5,7.6,1.88
Uttar Pradesh,Wheat,Rabi,4.0,247.9,31.0,80.8,78.3,70.8,35.6,6.4,5.22
Sikkim,Rice,Kharif,1.89,291.5,35.2,69.3,64.3,40.1,82.7,7.3,5.18
Kerala,Rice,Kharif,3.34,83.2,33.3,42.9,133.9,45.1,85.0,7.0,5.54
Haryana,Maize,Zaid,3.07,159.5,15.6,43.0,130.4,61.0,83.4,5.7,2.62
Andhra Pradesh,Maize,Rabi,3.05,288.3,25.1,67.6,112.6,40.0,74.3,5.6,3.39
Punjab,Sugarcane,Rabi,1.71,166.3,15.3,75.9,114.2,76.8,37.2,6.0,95.93
Sikkim,Maize,Zaid,4.34,106.1,22.4,43.2,117.2,55.3,62.4,5.9,2.07
Himachal Pradesh,Maize,Rabi,2.23,70.4,31.6,64.0,105.8,53.6,75.5,6.2,4.44
Sikkim,Soybean,Kharif,1.71,275.5,39.3,63.2,116.5,79.0,43.1,7.3,2.57
Maharashtra,Rice,Rabi,3.4,150.4,35.6,50.3,133.6,42.7,82.5,7.5,6.71
Odisha,Cotton,Rabi,1.9,232.0,21.3,64.2,60.4,63.2,69.6,7.5,2.12
Arunachal Pradesh,Maize,Rabi,1.23,285.3,24.3,50.4,139.8,53.9,73.4,6.0,3.25
Kerala,Sugarcane,Zaid,4.81,106.5,39.1,46.1,146.6,56.2,38.8,6.9,62.77
Gujarat,Sugarcane,Zaid,0.84,158.8,23.5,81.7,97.5,78.5,35.3,7.2,92.08
Meghalaya,Maize,Zaid,3.21,298.0,20.9,80.1,96.4,30.3,66.3,7.6,2.7
Kerala,Maize,Rabi,2.16,57.8,21.8,56.4,104.0,67.9,71.3,6.9,4.58
Jharkhand,Sugarcane,Rabi,3.07,192.2,36.8,56.0,81.1,39.7,65.6,6.2,95.05
Jharkhand,Rice,Kharif,4.86,123.0,32.0,69.9,85.7,33.8,74.3,5.8,5.19
Tamil Nadu,Wheat,Kharif,4.97,62.5,15.2,51.8,149.9,34.8,79.2,6.2,4.51
Nagaland,Rice,Rabi,2.06,169.6,27.1,66.5,95.9,50.6,76.9,7.3,6.01
Goa,Rice,Rabi,3.73,261.0,31.8,48.9,65.9,53.7,72.4,7.2,4.58
Rajasthan,Maize,Rabi,0.87,134.0,32.2,69.4,145.2,74.1,84.9,6.5,2.18
Kerala,Cotton,Kharif,3.51,101.7,24.3,48.8,132.1,65.8,46.0,7.0,1.56
Jharkhand,Wheat,Kharif,1.05,281.4,28.9,76.9,103.0,40.5,71.7,6.7,5.27
Rajasthan,Soybean,Kharif,4.1,209.5,19.8,70.4,132.2,71.1,45.9,6.8,1.7
Jharkhand,Rice,Rabi,2.38,196.9,31.5,51.8,95.7,39.3,50.1,7.3,6.54
Himachal Pradesh,Maize,Rabi,4.38,45.2,27.1,62.2,96.6,39.1,65.7,6.8,4.16
Jharkhand,Soybean,Kharif,4.0,161.4,16.5,46.6,138.8,76.7,83.2,6.8,1.52
Uttar Pradesh,Wheat,Zaid,3.48,174.5,19.5,69.3,69.4,42.3,77.2,5.6,3.66
Tripura,Cotton,Zaid,2.32,64.9,37.4,45.0,147.5,36.4,84.9,5.5,2.52
Madhya Pradesh,Cotton,Rabi,0.6,227.3,29.4,50.1,110.3,50.9,47.9,6.6,2.2
Odisha,Sugarcane,Zaid,0.77,269.0,27.7,55.7,149.7,39.9,81.2,6.2,94.25
Manipur,Cotton,Zaid,0.8,247.6,36.1,86.9,99.3,61.7,69.7,6.4,1.89
Manipur,Sugarcane,Zaid,1.78,173.0,18.4,43.4,73.5,65.4,51.9,7.2,89.15
Karnataka,Soybean,Rabi,1.94,154.6,35.8,63.3,138.5,61.1,86.3,5.5,2.33
Rajasthan,Maize,Rabi,1.15,77.0,39.0,69.3,109.4,69.2,30.9,7.4,4.35
Rajasthan,Cotton,Zaid,2.77,45.4,28.5,87.5,105.3,53.3,64.6,6.7,2.22
Andhra Pradesh,Rice,Kharif,3.99,154.2,26.0,62.3,96.7,32.2,39.9,6.9,5.09
Madhya Pradesh,Soybean,Rabi,0.67,298.9,27.5,78.4,71.0,58.0,69.6,5.5,2.98
Bihar,Soybean,Zaid,0.83,69.6,22.7,76.7,117.4,36.8,81.8,5.6,2.4
West Bengal,Cotton,Rabi,3.02,265.5,20.0,48.5,126.3,67.9,63.8,5.9,1.39
Sikkim,Cotton,Rabi,2.72,184.7,26.6,51.3,50.8,58.0,54.9,6.3,1.38
Odisha,Sugarcane,Kharif,3.69,239.1,21.7,41.1,97.9,50.2,61.0,5.8,96.29
Maharashtra,Soybean,Zaid,0.74,262.1,22.0,47.4,127.1,73.8,73.0,5.6,2.11
Tamil Nadu,Cotton,Rabi,3.77,142.8,18.8,76.0,110.7,50.4,35.8,6.9,1.57
Bihar,Maize,Zaid,2.14,130.6,28.7,58.3,77.6,43.2,41.0,6.1,2.47
Maharashtra,Maize,Rabi,4.24,96.1,20.6,84.2,96.5,61.7,47.6,7.4,2.23
Madhya Pradesh,Soybean,Rabi,3.92,216.7,35.5,81.7,86.1,72.5,38.9,7.6,2.01
Himachal Pradesh,Sugarcane,Zaid,4.23,150.8,39.1,84.9,74.7,56.8,66.6,5.7,70.57
Rajasthan,Cotton,Rabi,0.68,176.3,34.9,64.1,99.9,76.4,68.8,6.2,2.48
Uttarakhand,Maize,Kharif,4.8,71.4,32.9,78.2,114.2,52.1,35.0,6.9,2.25
Uttar Pradesh,Sugarcane,Rabi,4.25,187.1,20.1,65.6,88.3,54.1,40.3,6.2,80.47
Bihar,Wheat,Zaid,3.8,127.2,32.3,77.1,97.0,62.6,69.5,7.6,3.62
Chhattisgarh,Sugarcane,Kharif,1.59,118.8,26.1,77.1,50.9,73.1,46.5,6.6,79.07
Jharkhand,Sugarcane,Rabi,3.77,134.8,16.6,51.6,107.6,44.4,50.6,6.5,90.49
Odisha,Wheat,Rabi,4.42,120.3,22.2,49.5,61.3,37.5,79.2,6.0,3.57
Mizoram,Rice,Rabi,3.08,59.6,24.2,65.0,75.6,61.7,49.5,6.5,3.55
Odisha,Sugarcane,Zaid,0.92,251.4,25.9,48.7,70.7,59.1,31.9,6.9,90.38
Haryana,Sugarcane,Rabi,2.39,51.1,34.5,75.0,100.2,42.1,83.4,6.2,87.41
Telangana,Cotton,Kharif,4.58,179.6,32.1,54.0,81.8,58.6,77.1,5.5,2.96
Bihar,Cotton,Rabi,3.37,200.0,20.2,40.8,143.7,57.1,82.4,7.4,1.73
Kerala,Wheat,Kharif,4.77,174.8,30.7,79.9,65.7,70.8,53.7,7.1,2.65
Gujarat,Soybean,Kharif,4.87,265.3,38.4,89.5,144.8,71.1,60.8,7.1,2.87
Karnataka,Rice,Kharif,4.77,119.2,36.9,45.2,100.9,71.0,45.8,6.9,6.63
Manipur,Sugarcane,Zaid,1.12,96.1,16.8,42.2,117.5,57.2,71.4,5.8,87.41
Kerala,Cotton,Rabi,3.56,278.0,15.8,83.3,75.4,55.9,43.5,7.7,3.1
West Bengal,Rice,Zaid,2.81,133.0,28.3,52.2,109.1,32.4,48.1,7.4,3.93
Jharkhand,Cotton,Kharif,1.59,187.0,38.2,66.5,54.3,78.0,31.6,7.4,2.0
Punjab,Soybean,Rabi,1.65,133.7,34.5,66.9,97.3,49.1,65.0,7.6,1.71
Jharkhand,Rice,Zaid,1.5,299.0,39.9,73.6,107.0,77.0,48.2,7.1,5.81
Gujarat,Wheat,Rabi,1.48,236.8,35.9,74.8,139.1,74.4,52.9,5.8,5.15
Madhya Pradesh,Wheat,Zaid,1.07,171.3,15.3,53.5,90.3,73.9,60.4,5.8,3.27
Mizoram,Rice,Kharif,0.54,201.9,36.6,85.4,114.0,56.7,44.0,6.1,4.75
Karnataka,Wheat,Zaid,3.69,107.4,38.0,80.2,51.6,59.3,57.5,5.7,4.69
West Bengal,Wheat,Kharif,3.31,201.5,18.6,82.3,95.9,45.2,53.9,7.2,4.64
Assam,Wheat,Zaid,2.04,127.1,31.3,54.0,64.5,60.8,79.0,6.1,4.71
Telangana,Sugarcane,Kharif,4.88,62.7,23.1,64.8,113.4,72.7,75.5,7.3,78.38
Maharashtra,Sugarcane,Rabi,4.33,262.1,19.2,85.5,138.8,43.0,66.8,7.7,87.83
Uttar Pradesh,Cotton,Rabi,2.5,263.1,16.5,41.6,133.5,50.1,43.9,6.0,1.29
Madhya Pradesh,Sugarcane,Kharif,1.25,261.2,20.0,72.5,88.7,78.6,62.1,7.6,67.6
Maharashtra,Wheat,Rabi,2.05,87.4,28.8,44.4,112.3,76.9,88.5,5.5,4.64
Tamil Nadu,Maize,Rabi,2.91,260.8,34.6,61.9,66.5,58.2,75.8,7.5,3.32
Maharashtra,Maize,Kharif,4.79,111.0,39.8,77.3,102.2,39.5,32.8,7.6,2.6
Himachal Pradesh,Cotton,Kharif,3.04,110.6,20.1,84.3,91.1,65.2,61.2,5.9,3.02
Punjab,Maize,Kharif,2.41,77.4,37.3,58.1,78.6,46.2,46.6,5.8,4.92
Meghalaya,Rice,Rabi,0.9,288.6,38.6,88.3,66.1,51.5,43.2,6.3,4.36
Telangana,Wheat,Rabi,2.59,146.9,28.2,54.7,111.1,34.7,53.2,7.6,4.62
Goa,Maize,Kharif,2.54,196.8,33.6,83.8,61.3,72.6,49.5,7.7,4.13
Nagaland,Wheat,Kharif,4.55,268.5,37.8,49.1,57.0,43.6,55.1,7.5,4.95
Jharkhand,Cotton,Rabi,4.5,86.0,29.9,86.7,90.7,62.8,67.3,7.5,1.26
Karnataka,Maize,Rabi,4.74,58.8,30.5,79.3,113.6,48.1,80.5,6.3,2.8
Telangana,Cotton,Kharif,2.2,115.0,28.3,76.2,141.0,40.1,85.0,6.3,2.37
Odisha,Rice,Zaid,1.13,249.9,37.5,81.4,101.6,63.6,80.6,6.5,4.46
Punjab,Wheat,Zaid,3.15,247.7,38.9,72.8,109.2,74.7,87.1,6.5,4.59
Odisha,Cotton,Zaid,1.17,232.5,24.2,63.8,91.3,35.3,49.0,5.8,1.65
Bihar,Sugarcane,Rabi,1.43,246.3,36.1,50.1,99.1,79.2,58.5,7.1,82.43
Andhra Pradesh,Wheat,Zaid,1.41,71.6,16.5,82.1,66.8,52.8,85.7,7.4,2.83
Meghalaya,Wheat,Rabi,3.01,193.7,35.5,87.5,96.6,57.1,44.6,7.8,3.72
Haryana,Maize,Zaid,1.2,119.8,35.6,73.2,100.1,75.4,72.8,6.8,3.42
Mizoram,Soybean,Rabi,2.21,120.8,16.4,55.1,105.8,78.6,40.3,5.9,3.04
Telangana,Soybean,Kharif,3.74,103.8,37.3,82.3,50.5,36.4,63.9,6.6,1.88
Arunachal Pradesh,Wheat,Kharif,0.55,268.0,19.6,82.5,146.6,73.4,47.9,7.6,4.38
Tamil Nadu,Sugarcane,Zaid,2.37,295.8,31.0,71.3,101.3,50.3,88.7,7.1,69.34
Telangana,Rice,Kharif,4.38,234.0,38.6,67.6,105.5,66.9,57.4,6.9,4.89
Goa,Soybean,Zaid,2.94,228.0,37.3,45.9,65.7,55.3,80.4,5.8,2.03
Assam,Cotton,Rabi,0.61,292.9,36.3,50.1,112.6,71.1,32.4,7.1,1.64
Chhattisgarh,Sugarcane,Kharif,4.77,96.0,26.6,59.3,105.2,65.6,56.4,7.1,66.72
Maharashtra,Cotton,Kharif,4.23,281.6,31.1,68.6,53.4,33.3,37.4,7.1,1.32
Mizoram,Maize,Rabi,0.79,66.9,23.1,55.9,136.3,79.7,83.9,6.3,2.2
Telangana,Wheat,Kharif,1.95,73.6,17.2,88.2,125.5,75.6,48.7,7.2,4.52
Himachal Pradesh,Maize,Rabi,2.21,103.1,25.7,51.3,80.3,54.2,48.5,6.3,2.89
Assam,Cotton,Zaid,3.0,103.3,26.6,86.3,136.4,56.4,71.8,6.8,2.64
Mizoram,Rice,Rabi,4.04,116.8,19.8,66.7,63.0,79.2,57.5,7.0,3.67
Tripura,Wheat,Rabi,4.6,236.8,34.6,65.2,53.6,76.6,35.0,6.9,2.57
Telangana,Soybean,Kharif,0.86,41.4,22.3,49.9,54.5,79.9,89.4,5.6,2.5
Sikkim,Wheat,Zaid,3.76,54.6,29.8,88.0,97.7,62.9,46.7,6.1,5.15
Kerala,Sugarcane,Kharif,3.1,82.3,23.1,63.4,57.2,46.2,44.6,5.9,78.17
Bihar,Maize,Rabi,4.14,279.6,21.7,54.2,96.0,35.6,48.3,5.8,4.72
Karnataka,Cotton,Rabi,0.58,170.6,15.9,86.2,118.2,74.7,36.3,6.0,2.59
Assam,Sugarcane,Kharif,0.54,210.5,33.8,41.6,138.1,53.0,47.4,6.9,91.26
Karnataka,Rice,Kharif,0.72,129.0,31.9,65.9,89.1,61.0,42.3,6.8,3.85
Sikkim,Sugarcane,Rabi,4.25,204.6,28.4,54.7,148.7,42.8,87.3,6.2,60.06
Tamil Nadu,Wheat,Rabi,1.71,206.1,38.8,58.2,60.7,33.2,72.9,5.7,5.04
Jharkhand,Rice,Rabi,4.52,89.7,31.8,58.8,135.2,39.3,58.5,7.4,5.1
Uttarakhand,Wheat,Rabi,4.09,174.6,19.3,40.8,83.6,49.3,38.9,7.1,3.03
Andhra Pradesh,Cotton,Rabi,2.83,60.8,18.9,52.5,126.3,32.5,64.9,5.6,2.09
Manipur,Wheat,Kharif,0.77,278.3,38.4,56.0,129.7,47.0,60.4,7.7,4.2
Andhra Pradesh,Maize,Rabi,0.57,199.1,33.3,82.2,58.6,68.9,31.6,7.0,4.34
Kerala,Cotton,Kharif,1.5,255.6,24.7,86.7,90.4,48.6,38.9,7.1,2.75
Andhra Pradesh,Cotton,Rabi,4.06,285.2,37.9,60.0,149.6,43.3,87.9,6.0,2.08
Kerala,Wheat,Kharif,3.55,140.9,32.3,46.0,68.9,79.2,35.3,5.8,4.12
Bihar,Maize,Rabi,3.13,58.9,16.9,47.4,99.7,35.8,41.4,6.0,2.67
Jharkhand,Cotton,Kharif,2.6,175.6,32.7,44.7,73.2,76.1,63.8,5.5,1.38
Telangana,Maize,Zaid,1.87,42.8,36.4,48.6,70.1,74.2,33.5,6.1,4.5
Meghalaya,Maize,Zaid,0.79,237.9,24.5,68.0,60.7,32.7,58.6,7.5,4.42
Himachal Pradesh,Sugarcane,Zaid,3.36,211.9,25.4,85.7,137.7,57.2,53.7,6.0,67.25
Telangana,Cotton,Zaid,3.27,202.0,30.2,63.3,93.3,52.1,64.7,6.2,2.21
Punjab,Soybean,Rabi,1.83,67.5,36.5,90.0,129.8,74.8,36.7,6.0,2.3
Maharashtra,Cotton,Rabi,3.53,189.7,31.6,60.2,130.0,42.6,75.5,6.4,2.84
Madhya Pradesh,Rice,Kharif,2.48,76.0,37.6,77.6,128.5,43.5,53.4,5.6,6.26
Telangana,Maize,Rabi,1.11,188.6,16.9,56.3,101.6,50.0,60.7,7.4,2.55
Assam,Cotton,Rabi,3.9,184.7,25.0,58.7,54.9,63.9,58.0,6.3,1.78
Telangana,Sugarcane,Rabi,1.01,111.9,21.8,80.2,130.0,33.9,52.5,7.4,98.36
West Bengal,Maize,Rabi,4.32,55.9,15.3,63.5,121.0,73.2,71.7,5.8,2.34
Jharkhand,Cotton,Kharif,1.33,171.7,19.7,89.5,133.0,31.3,48.5,7.0,3.36
Uttarakhand,Rice,Kharif,0.62,90.3,24.1,65.0,137.7,77.4,51.0,7.8,4.23
Manipur,Cotton,Zaid,4.19,100.4,33.4,85.3,110.8,44.9,69.1,5.7,1.81
Sikkim,Cotton,Zaid,1.27,285.9,18.2,57.1,91.1,41.5,50.3,6.7,2.37
Punjab,Soybean,Rabi,4.86,192.7,31.4,60.5,93.0,46.4,58.3,6.0,3.01
Nagaland,Wheat,Rabi,1.63,163.5,32.1,84.8,75.5,69.4,62.1,6.6,4.07
Bihar,Maize,Kharif,2.19,274.2,32.1,60.0,128.5,48.9,53.5,7.3,2.93
Goa,Sugarcane,Zaid,4.3,59.0,22.4,82.4,67.8,58.8,32.2,6.5,70.37
Mizoram,Maize,Zaid,0.69,148.3,31.7,65.5,77.0,73.3,32.8,5.7,4.57
Andhra Pradesh,Rice,Kharif,0.67,93.0,18.0,51.6,61.1,35.4,67.6,6.9,5.25
Kerala,Cotton,Kharif,0.77,245.1,16.4,81.2,75.0,53.8,70.9,6.5,3.33
Goa,Rice,Zaid,0.78,144.1,17.1,78.8,129.2,30.9,40.3,6.3,5.77
Punjab,Sugarcane,Kharif,3.42,179.9,27.8,88.0,50.7,68.0,81.1,7.5,82.94
Rajasthan,Soybean,Kharif,3.93,191.6,17.2,52.0,125.9,42.7,40.2,5.9,3.1
Tripura,Cotton,Rabi,1.53,99.6,36.1,43.5,109.1,76.9,66.5,6.4,1.99
Uttar Pradesh,Rice,Rabi,3.85,286.1,21.9,68.8,70.9,61.2,41.1,5.8,4.67
Maharashtra,Sugarcane,Zaid,3.57,71.0,28.0,56.6,99.2,35.9,43.1,7.4,75.22
West Bengal,Rice,Zaid,3.43,69.4,27.4,66.1,101.3,61.0,81.8,7.5,4.5
Punjab,Wheat,Zaid,3.85,70.4,19.2,84.9,120.5,70.8,71.5,7.4,4.73
Bihar,Wheat,Zaid,3.75,156.6,23.3,76.9,85.8,69.1,54.4,6.0,4.44
Madhya Pradesh,Cotton,Zaid,0.53,242.4,39.1,51.2,82.9,52.4,84.4,5.9,2.03
Tamil Nadu,Rice,Zaid,4.02,217.7,36.6,50.1,146.6,55.6,39.7,6.8,4.0
Arunachal Pradesh,Wheat,Rabi,0.75,132.7,19.0,59.1,104.9,42.0,30.1,7.6,3.36
Madhya Pradesh,Soybean,Rabi,2.7,185.5,28.9,40.2,51.5,70.0,47.6,6.1,2.32
Kerala,Cotton,Rabi,0.89,247.1,36.8,72.9,141.4,53.5,62.9,5.8,2.38
Maharashtra,Sugarcane,Kharif,1.88,73.9,15.3,80.9,65.5,63.5,71.4,6.6,91.6
Madhya Pradesh,Sugarcane,Kharif,4.1,109.8,22.0,69.0,106.6,46.3,55.9,5.9,91.03
Bihar,Sugarcane,Rabi,3.49,119.0,30.9,56.4,54.3,34.6,44.6,7.0,83.51
Haryana,Soybean,Kharif,0.66,94.0,32.0,49.1,103.4,56.4,87.1,7.1,1.75
Kerala,Sugarcane,Rabi,1.76,239.1,16.0,77.4,101.6,61.2,41.2,6.7,81.6
Chhattisgarh,Wheat,Rabi,4.49,280.1,33.3,78.6,71.5,59.2,39.8,7.5,4.47
Madhya Pradesh,Wheat,Rabi,4.19,217.9,18.4,74.1,138.7,47.2,68.4,7.7,3.13
Meghalaya,Rice,Zaid,2.57,247.5,24.3,61.5,70.2,31.8,37.1,6.5,4.45
Uttar Pradesh,Wheat,Kharif,2.77,290.0,35.0,72.8,126.8,75.3,57.4,7.0,3.25
Haryana,Wheat,Rabi,4.24,107.7,25.9,62.7,126.6,65.3,31.5,7.7,4.77
Manipur,Wheat,Kharif,3.76,47.8,22.6,65.5,144.0,64.3,42.7,7.7,4.7
Meghalaya,Sugarcane,Kharif,3.21,177.6,15.3,86.8,50.3,34.0,80.6,6.2,70.95
Himachal Pradesh,Cotton,Zaid,3.98,114.7,30.8,48.1,74.1,60.2,87.9,6.4,1.56
Arunachal Pradesh,Wheat,Zaid,4.33,78.6,40.0,78.0,64.6,74.1,88.4,7.2,5.13
West Bengal,Cotton,Kharif,0.87,103.1,15.5,44.8,119.0,75.5,65.1,7.8,3.19
Arunachal Pradesh,Maize,Kharif,0.99,271.2,25.5,59.1,85.6,37.9,33.4,6.2,2.94
Arunachal Pradesh,Maize,Zaid,4.37,95.0,37.4,60.9,54.8,69.8,60.4,6.2,4.13
Uttar Pradesh,Wheat,Rabi,2.95,68.3,30.5,82.8,96.9,79.4,34.3,7.3,4.33
Jharkhand,Wheat,Kharif,1.12,95.1,16.5,67.7,108.6,69.9,70.7,7.5,2.96
Bihar,Rice,Kharif,2.24,59.6,39.8,87.1,92.1,62.9,73.8,6.2,4.13
Rajasthan,Wheat,Rabi,3.62,267.0,34.1,53.1,56.1,65.2,63.3,6.7,4.65
Odisha,Wheat,Zaid,3.02,75.1,38.2,47.8,64.9,65.8,57.9,7.4,3.05
Telangana,Sugarcane,Kharif,2.35,63.9,39.5,86.3,71.2,73.2,61.6,6.0,73.76
Himachal Pradesh,Soybean,Rabi,1.56,191.2,40.0,70.7,58.1,65.9,77.1,6.6,2.86
Gujarat,Sugarcane,Rabi,4.27,190.3,23.1,70.5,107.6,67.6,48.3,5.7,77.05
Uttarakhand,Wheat,Kharif,2.94,121.1,24.3,46.0,67.1,53.8,56.9,7.6,3.89
Mizoram,Wheat,Rabi,2.31,106.9,35.3,47.0,127.5,73.8,38.4,6.4,2.66
Tamil Nadu,Sugarcane,Rabi,4.44,216.0,30.4,47.7,149.0,53.0,74.3,5.9,96.1
Karnataka,Rice,Kharif,1.99,77.7,19.4,61.1,75.6,56.8,63.4,7.1,5.08
Arunachal Pradesh,Sugarcane,Zaid,3.59,96.6,29.8,68.7,143.1,44.2,82.8,5.9,82.99
Tripura,Maize,Kharif,4.31,92.4,30.4,62.6,71.6,31.7,60.2,6.3,4.22
Assam,Sugarcane,Rabi,1.32,224.6,32.6,71.3,134.2,42.7,73.5,6.1,97.96
Madhya Pradesh,Cotton,Zaid,4.36,62.1,32.6,57.0,120.2,49.3,73.2,7.6,1.21
Madhya Pradesh,Soybean,Zaid,4.33,137.3,16.0,49.6,76.9,67.1,78.3,7.3,1.59
Kerala,Rice,Rabi,4.32,133.6,17.8,80.4,59.1,31.9,32.0,6.6,4.82
Kerala,Maize,Kharif,3.18,95.2,35.8,55.8,75.1,70.9,88.3,6.3,3.05
Haryana,Soybean,Kharif,4.43,242.5,29.5,56.3,147.3,60.9,66.6,6.3,3.08
Tamil Nadu,Sugarcane,Zaid,1.31,165.1,35.2,43.3,54.9,73.9,34.0,6.1,62.87
Kerala,Rice,Kharif,1.34,167.7,33.6,42.7,54.6,60.7,66.5,7.8,4.1
Kerala,Soybean,Zaid,1.85,191.1,28.3,43.7,68.3,44.1,79.4,7.2,3.14
Telangana,Sugarcane,Zaid,0.87,107.9,34.3,64.3,116.0,66.2,47.6,7.6,66.33
Chhattisgarh,Wheat,Kharif,3.01,158.4,28.0,84.5,90.0,75.0,56.6,7.7,4.53
Chhattisgarh,Cotton,Kharif,1.09,194.2,35.0,55.6,120.5,70.9,80.0,6.6,1.38
Arunachal Pradesh,Wheat,Kharif,3.45,106.1,26.1,62.0,57.8,64.0,41.2,5.6,3.35
Sikkim,Soybean,Rabi,1.68,198.2,16.5,45.9,67.9,48.7,66.7,6.2,2.67
Odisha,Cotton,Rabi,1.95,156.9,28.6,56.2,78.0,76.1,69.2,6.4,2.02
Maharashtra,Maize,Kharif,3.09,295.0,39.8,52.4,129.0,77.7,54.0,6.1,3.72
Tripura,Wheat,Rabi,2.43,144.8,15.1,46.0,134.0,62.7,48.3,6.2,2.7
Andhra Pradesh,Soybean,Rabi,4.82,115.5,39.3,77.4,78.7,32.3,64.5,6.4,1.51
Arunachal Pradesh,Rice,Zaid,3.27,78.9,33.5,74.1,125.1,79.6,38.8,6.9,4.46
Tamil Nadu,Sugarcane,Zaid,2.86,78.0,30.0,75.3,98.2,67.1,67.0,6.3,90.93
Uttar Pradesh,Wheat,Rabi,3.88,179.3,36.4,51.8,135.0,42.2,39.2,5.6,2.68
West Bengal,Rice,Rabi,1.22,131.1,30.7,40.4,113.0,35.0,64.5,6.7,5.43
Manipur,Wheat,Kharif,3.2,46.5,26.6,63.4,84.2,58.9,44.5,6.6,3.01
Chhattisgarh,Sugarcane,Rabi,3.91,257.1,37.4,60.2,107.2,56.2,37.5,6.1,91.29
Andhra Pradesh,Sugarcane,Kharif,1.26,179.3,16.4,80.9,85.5,76.0,79.1,7.1,60.34
Himachal Pradesh,Sugarcane,Zaid,4.31,218.9,23.5,58.5,113.7,59.1,79.8,6.5,92.07
Sikkim,Wheat,Kharif,4.55,178.2,32.7,52.5,81.9,48.4,31.4,7.0,3.77
Andhra Pradesh,Maize,Zaid,4.02,48.4,35.7,59.0,118.9,34.4,56.6,6.1,3.22
Madhya Pradesh,Soybean,Kharif,3.62,236.8,23.6,77.4,57.0,69.8,73.4,7.4,2.36
Kerala,Rice,Rabi,4.81,280.0,29.1,89.0,73.4,75.6,87.3,6.5,4.7
Bihar,Wheat,Kharif,0.85,242.4,23.5,59.1,69.5,34.9,33.3,7.7,4.18
Uttar Pradesh,Maize,Kharif,4.89,58.5,21.8,53.8,141.0,43.7,75.7,7.1,3.43
Telangana,Sugarcane,Zaid,1.34,61.3,21.8,89.2,108.0,47.7,45.5,7.8,94.35
Assam,Wheat,Kharif,4.08,125.7,16.5,57.4,117.3,70.5,41.8,7.2,2.66
Sikkim,Rice,Kharif,0.66,65.9,27.2,52.6,110.0,55.0,39.5,7.3,4.14
Odisha,Soybean,Kharif,3.79,116.6,35.2,54.1,149.4,50.7,86.9,5.7,1.56
Haryana,Maize,Zaid,3.77,284.1,28.7,55.0,74.2,36.2,72.5,7.1,3.58
Tamil Nadu,Soybean,Zaid,3.78,187.4,33.6,83.7,70.5,39.1,74.4,5.7,1.88
Sikkim,Maize,Rabi,3.93,95.2,31.3,82.2,133.2,38.4,43.7,7.3,4.67
Mizoram,Soybean,Kharif,3.28,62.6,39.8,58.3,135.9,45.1,42.1,5.9,2.08
Meghalaya,Wheat,Kharif,2.41,282.8,35.1,67.0,62.6,39.9,67.1,5.6,5.48
Mizoram,Rice,Rabi,1.9,189.5,26.6,80.6,55.6,40.6,79.4,6.6,6.65
Haryana,Wheat,Rabi,3.07,194.2,24.5,78.0,78.9,71.0,85.9,5.8,4.29
Bihar,Maize,Kharif,2.83,99.0,24.5,67.7,109.3,41.7,52.4,5.8,2.43
Odisha,Cotton,Kharif,3.37,200.4,25.5,56.6,98.8,45.5,43.4,6.0,2.08
Tripura,Rice,Zaid,3.34,196.2,35.6,50.7,143.1,71.0,63.9,6.9,6.15
Chhattisgarh,Soybean,Kharif,1.98,111.3,39.4,55.3,78.6,46.0,47.8,6.9,2.27
Madhya Pradesh,Sugarcane,Rabi,2.31,82.9,33.5,88.3,124.6,72.7,68.5,6.7,99.86
Himachal Pradesh,Cotton,Rabi,0.93,62.8,27.8,72.2,111.6,58.7,47.5,7.8,1.27
Himachal Pradesh,Wheat,Zaid,0.65,189.3,35.4,44.3,79.4,55.7,87.0,6.1,4.84
Sikkim,Rice,Kharif,2.94,75.9,26.7,49.6,122.1,45.1,67.8,6.7,6.72
Bihar,Maize,Zaid,4.23,84.8,38.9,72.6,109.7,39.8,85.8,5.8,4.72
Haryana,Wheat,Kharif,4.2,297.7,24.9,41.3,75.3,50.7,45.5,6.8,5.23
Telangana,Rice,Rabi,4.68,77.4,17.5,83.6,135.9,71.7,73.3,6.8,6.56
Sikkim,Maize,Rabi,2.39,245.9,35.7,54.4,129.6,33.2,34.5,5.9,2.47
Telangana,Wheat,Kharif,2.73,115.3,36.1,66.5,62.6,56.2,85.6,6.6,4.74
Madhya Pradesh,Cotton,Kharif,4.71,233.7,39.7,84.1,110.2,75.8,48.5,5.6,2.66
Himachal Pradesh,Soybean,Zaid,1.37,141.6,38.1,73.8,66.0,31.9,58.4,7.2,3.45
Himachal Pradesh,Cotton,Rabi,3.76,118.9,19.8,70.4,68.3,56.4,47.9,7.0,3.25
Uttarakhand,Soybean,Rabi,0.7,118.6,39.8,66.2,102.1,62.8,88.2,6.8,2.27
Sikkim,Cotton,Rabi,4.61,209.1,38.4,81.7,119.3,63.1,81.0,5.7,2.66
Nagaland,Wheat,Rabi,1.31,113.7,22.4,44.0,65.9,34.4,33.3,6.2,3.63
Jharkhand,Rice,Zaid,2.03,270.0,32.8,75.1,123.0,76.7,33.1,6.6,5.17
Chhattisgarh,Wheat,Zaid,3.75,68.2,36.8,54.9,52.1,52.8,76.9,7.4,2.92
Assam,Cotton,Kharif,4.07,173.2,32.3,50.0,90.1,35.7,81.4,6.2,2.16
Telangana,Rice,Rabi,0.89,194.1,38.0,52.6,67.7,51.1,66.4,7.3,6.51
Punjab,Soybean,Zaid,1.45,175.5,22.3,75.7,103.2,68.8,68.5,5.8,3.32
Kerala,Maize,Rabi,4.13,247.1,25.6,62.1,55.9,35.5,44.7,7.4,2.3
West Bengal,Sugarcane,Zaid,4.66,288.1,35.1,53.0,76.2,68.8,47.4,6.2,93.27
Gujarat,Wheat,Kharif,2.69,88.9,18.5,80.3,61.1,72.5,46.6,5.8,5.06
Rajasthan,Cotton,Rabi,4.96,98.3,20.9,70.3,75.7,50.6,31.2,6.1,1.83
Uttarakhand,Sugarcane,Kharif,4.89,266.8,22.5,67.1,113.7,36.6,35.8,5.6,81.97
Manipur,Sugarcane,Kharif,1.3,82.3,36.7,85.0,78.9,77.1,83.2,7.5,65.31
Assam,Rice,Zaid,0.83,292.7,36.7,78.1,121.4,36.9,65.4,7.0,5.89
Uttar Pradesh,Maize,Zaid,3.04,291.2,21.2,49.6,75.2,58.4,39.7,6.4,3.98
Tamil Nadu,Maize,Kharif,2.22,143.6,29.1,60.6,57.1,61.7,30.4,7.6,2.81
Himachal Pradesh,Wheat,Zaid,1.26,41.0,23.1,73.9,73.5,78.7,72.2,6.2,3.96
Goa,Sugarcane,Zaid,2.15,237.9,22.9,44.4,135.0,67.7,75.9,7.7,83.56
Andhra Pradesh,Sugarcane,Zaid,1.6,73.9,25.1,80.9,107.5,50.8,73.4,6.2,87.59
Assam,Maize,Kharif,2.41,53.5,34.2,47.9,119.1,70.6,48.4,5.7,2.71
West Bengal,Sugarcane,Rabi,3.7,160.3,22.5,70.6,58.2,46.3,85.3,7.6,93.05
Manipur,Wheat,Rabi,3.14,193.6,27.2,54.1,119.1,36.3,31.7,6.8,3.67
Karnataka,Wheat,Kharif,0.79,187.0,22.9,58.6,140.5,38.0,48.7,7.4,2.93
Arunachal Pradesh,Maize,Rabi,4.86,289.2,18.3,73.3,112.9,50.6,86.4,5.8,4.92
Arunachal Pradesh,Soybean,Rabi,2.94,133.6,32.4,40.7,82.3,39.8,49.2,6.8,1.74
Assam,Cotton,Rabi,4.47,154.7,26.7,59.0,77.1,46.1,77.6,7.3,1.73
Bihar,Rice,Kharif,4.08,100.2,30.0,41.8,110.4,56.3,35.6,6.4,6.22
Meghalaya,Maize,Kharif,2.43,273.3,32.2,43.7,85.5,53.1,40.2,6.4,3.91
Uttar Pradesh,Wheat,Kharif,2.03,177.3,39.1,41.9,65.1,73.6,67.3,5.8,3.37
Bihar,Maize,Kharif,2.37,264.1,18.2,66.1,118.8,63.0,61.3,6.1,2.22
Sikkim,Rice,Rabi,0.7,119.7,22.3,50.8,132.5,63.8,57.0,5.6,3.95
Meghalaya,Wheat,Kharif,3.05,186.6,39.7,64.9,108.1,35.3,35.3,6.8,3.94
Jharkhand,Maize,Zaid,3.84,116.6,25.5,75.9,121.5,46.1,78.6,6.4,4.98
Kerala,Cotton,Rabi,3.62,188.4,33.2,81.4,71.3,36.2,63.7,7.5,2.73
Odisha,Soybean,Kharif,3.79,69.6,17.1,63.8,113.0,41.4,35.4,7.0,3.18
Karnataka,Maize,Rabi,3.44,236.2,18.5,62.2,101.1,77.5,41.1,6.0,2.32
Chhattisgarh,Maize,Kharif,3.8,171.9,20.1,76.7,104.6,34.7,41.7,6.1,3.08
Kerala,Maize,Kharif,4.9,295.4,34.3,57.9,100.3,57.8,79.0,5.7,2.53
Punjab,Soybean,Zaid,4.34,84.9,29.3,80.3,93.1,79.9,46.7,7.3,2.22
Assam,Wheat,Rabi,3.36,225.4,24.4,80.3,146.1,75.8,86.8,5.7,3.84
Maharashtra,Wheat,Rabi,4.56,135.4,36.4,60.4,108.5,44.5,86.3,7.8,3.6
Kerala,Rice,Rabi,4.84,139.6,17.1,84.1,91.4,46.1,84.0,6.1,4.7
Madhya Pradesh,Wheat,Kharif,2.99,213.1,29.7,73.3,85.8,76.9,65.3,6.5,4.87
Uttar Pradesh,Wheat,Zaid,1.43,72.3,27.4,40.8,144.5,67.4,47.5,6.4,4.28
Rajasthan,Sugarcane,Zaid,4.61,141.6,17.1,48.7,147.8,49.7,87.1,7.7,94.08
Sikkim,Cotton,Zaid,3.98,159.7,25.2,43.5,85.7,31.9,42.8,6.8,1.78
Haryana,Maize,Kharif,3.96,154.1,25.1,44.6,141.9,30.1,60.9,6.1,2.87
Telangana,Rice,Kharif,2.18,228.1,20.8,45.5,55.1,42.9,60.8,5.8,3.59
Goa,Sugarcane,Kharif,3.67,253.4,21.2,66.1,124.7,71.4,80.9,7.0,63.86
Meghalaya,Rice,Zaid,3.42,285.9,15.4,58.0,127.2,58.5,58.4,7.5,5.66
Goa,Wheat,Kharif,2.28,274.5,37.5,78.9,77.5,33.7,84.9,7.1,4.17
Rajasthan,Sugarcane,Rabi,1.84,264.5,21.1,78.8,134.4,32.4,61.9,7.1,82.79
Uttarakhand,Wheat,Rabi,4.06,124.2,25.9,87.5,117.7,45.4,87.2,5.6,3.85
Himachal Pradesh,Maize,Kharif,1.05,191.5,38.9,40.1,58.5,58.9,43.2,7.7,4.34
Odisha,Cotton,Rabi,0.54,97.0,38.1,70.7,126.1,62.2,37.9,6.3,1.81
West Bengal,Wheat,Kharif,4.5,271.2,19.9,51.8,126.4,68.2,48.4,7.5,4.43
Meghalaya,Sugarcane,Zaid,2.02,110.6,34.2,48.3,130.8,58.0,56.6,7.4,96.01
Karnataka,Sugarcane,Zaid,2.47,210.5,27.4,56.5,107.4,68.9,37.1,5.6,76.65
Telangana,Wheat,Rabi,3.03,191.0,20.7,81.2,94.9,72.6,52.8,7.8,2.94
Punjab,Maize,Rabi,3.2,132.6,30.6,48.5,87.6,50.3,75.4,7.7,2.98
Haryana,Wheat,Rabi,1.21,228.7,18.3,49.4,140.6,43.1,88.3,7.4,5.02
Madhya Pradesh,Soybean,Rabi,1.25,42.5,30.8,41.4,123.7,75.2,63.2,7.1,2.42
Andhra Pradesh,Cotton,Zaid,0.94,174.1,34.2,59.2,62.1,40.6,52.7,7.0,3.24
Madhya Pradesh,Sugarcane,Rabi,1.32,183.1,20.2,46.8,142.2,75.1,73.3,5.9,96.4
Andhra Pradesh,Maize,Zaid,3.57,239.6,23.4,86.0,116.7,74.8,76.8,6.5,4.68
Manipur,Rice,Rabi,1.63,243.6,36.1,43.8,147.3,79.5,76.2,6.5,4.26
Tamil Nadu,Maize,Rabi,0.64,94.0,17.2,52.7,126.2,66.1,67.1,6.3,3.48
Maharashtra,Sugarcane,Rabi,3.11,281.7,24.2,78.1,60.3,60.4,75.3,7.2,85.93
Chhattisgarh,Sugarcane,Zaid,3.06,245.6,32.2,70.9,127.4,49.0,77.1,7.5,94.33
Jharkhand,Soybean,Kharif,4.91,232.0,30.0,71.5,141.6,38.5,84.5,5.6,2.66
Tamil Nadu,Rice,Kharif,0.93,239.4,36.5,43.0,109.4,51.5,85.7,7.5,6.48
Sikkim,Cotton,Kharif,2.19,71.1,23.8,81.7,101.2,63.5,67.4,6.1,2.65
Arunachal Pradesh,Rice,Kharif,2.1,143.9,23.6,74.4,79.5,62.2,86.3,7.0,6.5
Madhya Pradesh,Cotton,Rabi,0.68,77.8,34.9,46.3,76.6,44.7,34.6,6.2,1.54
Jharkhand,Sugarcane,Kharif,0.93,214.6,40.0,54.5,70.9,30.9,68.7,6.0,97.09
Karnataka,Soybean,Zaid,3.57,289.8,31.4,40.4,148.7,42.4,50.6,6.1,2.12
Uttarakhand,Maize,Rabi,1.28,205.6,33.2,41.8,100.3,54.9,63.8,7.6,4.85
Telangana,Cotton,Rabi,2.01,247.8,31.6,83.4,69.3,41.6,52.6,7.0,1.33
Uttarakhand,Cotton,Zaid,4.24,243.8,27.8,64.2,149.7,41.5,43.7,7.0,3.06
Karnataka,Maize,Kharif,2.53,68.7,37.9,46.6,127.9,42.2,55.3,7.2,2.52
Odisha,Cotton,Rabi,3.52,66.9,29.2,55.3,58.0,36.6,59.9,5.9,2.39
Rajasthan,Wheat,Zaid,3.42,205.5,29.2,54.5,60.2,41.8,40.4,7.5,4.32
Bihar,Rice,Kharif,4.5,190.3,29.2,89.9,77.8,33.5,56.4,5.7,5.68
Maharashtra,Soybean,Rabi,2.4,75.5,35.8,47.8,145.5,60.1,79.6,6.0,2.77
Maharashtra,Sugarcane,Rabi,4.57,104.2,31.9,69.6,99.7,40.9,73.5,7.3,74.04
Manipur,Maize,Zaid,1.04,63.7,16.3,66.5,115.9,61.1,54.2,6.2,3.2
Uttar Pradesh,Wheat,Rabi,4.36,158.6,32.3,49.6,65.8,44.5,34.1,7.6,3.96
Tripura,Wheat,Rabi,2.24,257.8,24.7,56.2,70.0,47.9,43.4,7.6,3.03
Madhya Pradesh,Sugarcane,Zaid,1.94,46.3,32.7,40.3,101.2,78.7,53.1,7.8,69.15
Gujarat,Sugarcane,Kharif,0.85,135.5,35.0,66.4,109.3,47.1,58.0,6.2,93.22
Karnataka,Sugarcane,Kharif,1.97,62.1,23.6,84.6,123.3,48.7,54.8,5.8,89.27
Uttarakhand,Cotton,Kharif,1.63,54.1,17.6,55.9,111.0,62.5,46.6,6.5,2.06
Goa,Maize,Zaid,3.18,140.1,19.9,40.0,141.8,58.0,37.8,7.6,4.76
Assam,Rice,Zaid,2.43,98.0,29.9,44.7,118.2,52.1,59.5,7.4,4.63
Haryana,Wheat,Kharif,1.25,172.2,24.7,55.8,127.6,55.2,80.9,7.6,5.26
Maharashtra,Maize,Kharif,0.91,129.0,30.0,62.7,117.6,73.4,84.9,5.7,3.0
Manipur,Rice,Rabi,0.58,225.8,22.7,43.8,105.2,44.8,37.8,6.9,5.42
Madhya Pradesh,Maize,Rabi,3.44,195.8,33.0,47.9,113.5,72.3,78.4,5.8,2.98
Uttar Pradesh,Soybean,Rabi,3.7,40.9,33.4,56.6,117.4,61.8,70.9,6.4,1.64
Telangana,Rice,Rabi,4.17,259.9,21.8,59.3,114.0,47.5,68.9,7.3,5.19
Sikkim,Maize,Rabi,4.92,173.0,15.6,81.7,55.4,41.5,52.8,6.5,4.68
Telangana,Wheat,Zaid,3.63,257.2,20.5,68.8,50.3,40.8,84.9,6.3,3.54
Gujarat,Cotton,Zaid,2.31,282.3,21.2,77.4,76.1,69.0,60.2,6.2,1.63
Odisha,Rice,Zaid,4.31,140.0,39.6,64.1,133.9,38.4,39.8,7.1,6.79
Nagaland,Soybean,Kharif,4.53,196.9,29.7,56.0,107.7,74.9,67.0,7.1,3.26
Sikkim,Sugarcane,Rabi,4.06,129.4,37.7,47.4,138.7,72.4,68.1,6.3,87.09
Uttar Pradesh,Rice,Rabi,4.82,261.5,24.6,49.3,70.6,49.1,62.7,6.8,4.7
Tamil Nadu,Maize,Rabi,3.27,51.6,38.9,81.8,138.3,54.6,55.3,6.0,4.69
Andhra Pradesh,Soybean,Rabi,0.97,187.5,19.0,57.5,75.5,77.0,87.2,6.8,2.82
Odisha,Maize,Rabi,4.26,55.6,27.0,58.4,79.0,33.3,82.5,6.2,2.05
Tamil Nadu,Sugarcane,Kharif,1.23,116.9,27.7,87.2,145.5,59.7,44.5,5.8,84.95
Manipur,Maize,Rabi,3.35,202.7,21.2,42.0,83.1,55.4,53.2,6.4,4.3
Kerala,Cotton,Rabi,2.94,157.3,27.2,58.4,65.1,33.8,88.3,6.4,2.66
Manipur,Rice,Rabi,2.76,146.3,34.5,85.3,130.6,76.3,57.5,6.2,3.76
Uttarakhand,Sugarcane,Zaid,1.0,112.9,19.5,53.1,53.8,30.5,71.9,5.7,84.66
Bihar,Rice,Rabi,3.64,224.0,34.9,63.4,96.4,79.0,82.7,6.0,5.99
Karnataka,Sugarcane,Kharif,1.02,266.2,28.0,63.0,116.0,75.4,32.0,7.2,66.21
Uttar Pradesh,Soybean,Kharif,3.84,202.1,28.3,42.5,146.3,72.5,65.1,6.5,2.48
Nagaland,Wheat,Rabi,1.44,197.3,25.4,53.8,131.8,51.2,31.0,7.6,4.48
Manipur,Rice,Zaid,1.1,119.8,37.9,51.1,76.9,64.9,47.2,6.8,4.0
Assam,Sugarcane,Zaid,2.39,232.0,23.0,61.4,147.4,39.4,36.2,6.3,94.73
Odisha,Cotton,Rabi,1.5,203.9,28.8,83.0,115.9,64.2,70.4,6.4,2.03
Sikkim,Wheat,Rabi,3.33,236.7,36.1,59.3,148.9,63.2,65.3,6.1,4.84
West Bengal,Wheat,Zaid,3.84,284.7,25.4,65.1,119.6,76.1,79.5,7.8,4.82
Punjab,Rice,Zaid,0.56,179.7,27.6,66.3,95.3,53.0,31.4,7.4,4.07
Telangana,Maize,Kharif,3.22,53.6,36.9,61.7,107.8,47.4,35.7,7.8,3.46
Maharashtra,Rice,Rabi,4.52,168.4,39.2,41.5,80.0,37.4,84.4,7.5,4.59
Odisha,Wheat,Zaid,0.97,216.0,33.6,78.7,65.6,41.8,54.1,6.5,4.62
Andhra Pradesh,Soybean,Kharif,1.56,62.1,19.4,44.8,144.2,44.1,37.8,6.0,1.54
Odisha,Rice,Zaid,4.12,61.3,33.5,59.4,66.7,71.2,73.1,6.5,5.66
Manipur,Maize,Kharif,3.68,87.7,37.5,61.3,74.4,78.5,42.7,7.1,3.93
Uttarakhand,Soybean,Rabi,3.59,117.3,35.9,71.4,116.6,65.3,72.3,5.8,2.67
Meghalaya,Maize,Rabi,1.37,223.7,26.0,86.6,57.3,47.2,76.1,6.2,4.68
Odisha,Wheat,Zaid,0.93,164.8,37.1,86.6,100.5,63.2,86.7,5.8,3.68
Tamil Nadu,Cotton,Zaid,3.49,62.4,32.9,54.9,131.5,38.3,65.4,5.6,2.27
Tripura,Sugarcane,Rabi,1.58,118.4,28.5,62.5,81.1,45.0,30.7,6.2,99.94
Meghalaya,Maize,Zaid,4.12,299.2,35.7,69.5,91.4,32.5,63.1,6.7,2.88
Kerala,Sugarcane,Kharif,0.99,71.8,32.3,41.0,127.7,79.7,61.2,5.9,83.44
Rajasthan,Wheat,Zaid,0.63,213.2,22.5,53.4,58.5,64.5,68.6,6.3,4.61
Odisha,Cotton,Rabi,2.35,299.1,29.0,77.9,144.8,32.5,54.3,6.0,2.11
Rajasthan,Rice,Zaid,1.48,52.4,33.4,45.8,144.9,58.0,63.2,6.6,6.35
Meghalaya,Rice,Rabi,3.65,261.8,16.9,49.3,73.7,68.2,41.0,6.1,5.28
Nagaland,Soybean,Zaid,2.06,234.9,31.5,67.3,105.5,71.7,87.9,7.0,1.92
Punjab,Sugarcane,Kharif,4.19,209.6,36.3,46.1,94.7,47.5,83.2,7.2,61.69
Kerala,Cotton,Kharif,4.74,177.2,32.2,66.8,82.2,64.3,76.8,6.6,1.3
Andhra Pradesh,Maize,Rabi,3.31,53.5,24.0,62.2,111.8,40.5,64.8,5.6,2.41
Gujarat,Cotton,Zaid,4.01,42.2,15.9,69.5,69.6,53.9,54.6,6.5,3.28
Himachal Pradesh,Soybean,Rabi,1.41,107.9,30.6,85.4,110.4,57.6,58.2,5.7,1.75
Chhattisgarh,Maize,Kharif,1.34,253.2,16.6,75.6,108.9,63.0,61.4,6.0,3.33
Mizoram,Cotton,Kharif,3.91,279.3,31.4,63.7,130.2,38.2,30.9,5.8,2.16
Madhya Pradesh,Soybean,Kharif,3.94,271.4,16.0,58.3,99.4,42.7,83.7,7.3,1.62
Madhya Pradesh,Rice,Zaid,1.87,133.8,34.0,64.9,126.4,39.1,85.8,6.1,5.67
Manipur,Cotton,Zaid,1.56,191.3,22.6,84.3,63.0,32.8,64.7,7.0,2.26
Jharkhand,Rice,Zaid,4.4,132.1,15.7,63.4,86.7,67.0,82.6,5.6,5.89
Karnataka,Wheat,Kharif,4.63,74.8,23.7,47.4,134.6,56.8,85.0,6.9,5.09
Haryana,Sugarcane,Rabi,3.22,160.6,36.9,68.1,78.9,70.3,88.1,6.3,63.94
Meghalaya,Maize,Kharif,4.56,253.1,29.8,58.5,132.7,75.0,40.3,7.6,2.56
Meghalaya,Soybean,Rabi,1.92,213.0,38.0,61.4,98.6,68.6,41.4,6.8,2.83
West Bengal,Maize,Rabi,2.19,183.2,24.5,79.6,143.4,44.9,81.7,5.7,2.74
Maharashtra,Rice,Kharif,4.24,80.6,17.3,67.7,106.5,48.2,80.1,6.2,6.35
Telangana,Wheat,Kharif,1.81,224.0,37.0,41.8,52.1,67.4,50.6,6.1,2.92
West Bengal,Soybean,Kharif,3.47,242.9,18.2,84.6,67.3,31.2,32.9,6.3,2.13
Punjab,Cotton,Zaid,3.67,227.9,30.0,46.5,98.6,76.1,66.4,7.5,1.78
Mizoram,Maize,Rabi,3.8,65.1,32.1,68.0,123.9,34.8,63.6,7.1,2.23
Madhya Pradesh,Sugarcane,Zaid,4.88,153.8,31.3,58.5,98.8,64.1,78.2,7.7,97.85
Chhattisgarh,Soybean,Rabi,1.58,122.0,15.6,84.8,56.8,65.3,59.3,6.5,3.08
Uttar Pradesh,Maize,Zaid,1.31,269.3,39.0,52.1,120.3,40.4,89.4,5.8,3.37
Punjab,Cotton,Zaid,4.16,260.2,26.3,50.9,143.6,65.9,63.3,6.3,3.09
Bihar,Wheat,Kharif,1.34,297.6,22.7,55.9,128.7,50.3,37.8,5.7,3.34
Mizoram,Soybean,Zaid,1.26,203.9,28.3,76.9,142.0,45.5,41.2,7.7,3.27
Tamil Nadu,Sugarcane,Kharif,2.21,228.3,36.2,70.1,135.9,62.1,38.1,6.9,89.69
Kerala,Cotton,Kharif,4.39,73.5,32.5,56.4,142.3,70.7,56.7,5.7,2.78
Bihar,Sugarcane,Rabi,3.2,70.4,30.2,57.8,123.6,60.8,80.0,7.5,82.58
Maharashtra,Maize,Zaid,4.67,193.0,37.8,65.7,71.9,36.6,81.9,6.2,3.42
Bihar,Soybean,Zaid,2.43,74.7,28.5,83.3,87.6,50.3,40.5,7.6,2.35
Tamil Nadu,Rice,Zaid,4.34,181.0,22.8,67.1,146.3,68.4,53.9,7.4,5.89
Nagaland,Rice,Rabi,2.74,95.2,34.6,76.5,57.6,59.0,59.6,6.0,4.03
Karnataka,Cotton,Zaid,4.82,139.4,34.4,74.3,142.4,32.2,88.6,6.0,2.0
Madhya Pradesh,Maize,Zaid,4.8,249.9,27.1,74.2,73.7,30.1,66.9,5.9,3.76
Himachal Pradesh,Cotton,Kharif,2.23,216.2,37.5,86.3,125.2,69.8,36.8,6.5,1.36
Karnataka,Soybean,Kharif,2.54,129.5,21.7,58.1,143.6,71.1,42.3,5.5,3.01
Uttarakhand,Maize,Zaid,4.34,107.1,26.1,75.8,75.6,55.7,49.1,5.5,4.53
Assam,Soybean,Zaid,3.6,157.2,39.5,80.0,109.8,65.2,72.5,6.6,2.95
Manipur,Wheat,Zaid,2.4,245.9,31.0,66.1,88.0,43.7,72.3,7.0,3.21
Telangana,Soybean,Rabi,4.04,141.4,19.1,59.1,72.0,69.1,53.6,6.6,2.36
Uttarakhand,Wheat,Zaid,4.28,235.6,29.3,60.4,134.1,46.2,86.8,6.3,5.38
Gujarat,Cotton,Kharif,1.57,181.4,37.6,85.6,93.2,57.1,86.2,7.2,3.19
Mizoram,Maize,Kharif,4.77,56.7,23.1,88.4,105.2,45.0,62.5,7.8,2.69
Nagaland,Maize,Kharif,3.55,153.8,31.8,86.8,51.4,36.2,88.8,7.4,2.96
Kerala,Maize,Kharif,3.37,53.3,19.7,77.8,143.0,64.4,52.1,6.2,4.74
Goa,Maize,Rabi,2.83,210.6,32.7,60.2,84.4,61.7,72.6,7.5,3.88
Meghalaya,Maize,Rabi,3.4,198.2,34.4,77.4,61.7,63.2,54.0,7.2,4.17
Goa,Soybean,Kharif,1.87,60.0,28.7,61.9,94.0,36.7,80.7,5.6,3.29
Assam,Sugarcane,Kharif,2.0,168.7,38.8,69.2,145.4,55.7,87.8,7.2,74.64
Arunachal Pradesh,Sugarcane,Rabi,4.67,247.4,22.7,80.9,112.7,53.7,37.6,6.4,89.77
Mizoram,Rice,Rabi,3.7,103.4,21.5,69.3,80.6,58.9,87.6,7.4,4.89
Meghalaya,Rice,Zaid,4.52,83.7,15.3,42.4,142.0,37.5,52.5,7.0,4.27
Tripura,Sugarcane,Zaid,2.1,158.9,39.1,54.0,139.2,56.5,31.7,7.1,90.54
Jharkhand,Soybean,Rabi,0.99,175.0,20.6,63.7,148.1,45.8,66.2,5.6,2.48
Mizoram,Soybean,Kharif,4.78,125.7,25.6,84.4,114.4,54.5,69.6,6.2,1.73
Meghalaya,Soybean,Zaid,0.51,227.3,28.6,55.2,140.6,40.5,38.6,6.7,2.12
Gujarat,Cotton,Zaid,3.07,124.8,35.0,48.5,130.6,69.6,39.5,5.6,2.83
Maharashtra,Sugarcane,Kharif,4.94,275.7,20.8,54.0,96.1,39.9,81.0,7.2,88.8
Mizoram,Soybean,Zaid,2.27,120.8,19.3,42.7,140.8,72.9,60.2,6.7,2.39
Meghalaya,Wheat,Kharif,4.18,288.8,19.7,40.2,102.3,58.3,46.9,6.5,3.44
Uttarakhand,Soybean,Zaid,4.32,280.0,37.0,87.1,72.8,70.0,45.3,6.0,3.02
Andhra Pradesh,Maize,Rabi,2.35,65.1,30.4,77.9,89.6,50.9,52.7,5.9,2.75
Punjab,Wheat,Kharif,1.74,63.0,31.5,88.3,78.2,62.9,31.1,7.5,3.76
Mizoram,Maize,Zaid,3.59,123.7,32.7,48.1,54.7,67.4,66.9,6.7,2.77
Punjab,Sugarcane,Kharif,2.02,202.0,35.7,71.4,80.2,63.7,80.0,7.8,75.25
Tamil Nadu,Rice,Kharif,3.1,200.8,29.1,55.6,121.6,42.4,33.6,6.2,5.32
Tripura,Sugarcane,Kharif,3.35,106.4,32.7,68.9,103.2,53.6,55.1,5.7,98.48
West Bengal,Rice,Zaid,1.32,295.3,34.1,51.7,120.5,55.3,64.3,6.2,3.55
Kerala,Maize,Zaid,3.95,56.4,32.6,57.4,106.3,76.5,49.0,7.2,3.07
Himachal Pradesh,Wheat,Zaid,2.28,174.0,38.4,58.3,66.4,48.8,41.5,5.6,3.66
Maharashtra,Wheat,Zaid,4.55,79.2,25.8,75.4,105.8,54.2,47.3,7.7,4.84
Mizoram,Rice,Kharif,3.23,68.8,27.9,48.4,121.3,48.4,72.9,7.2,3.66
Telangana,Wheat,Rabi,1.29,40.9,36.8,66.6,53.9,69.8,75.1,5.6,4.84
Kerala,Rice,Kharif,0.53,155.8,38.1,63.6,97.8,68.6,65.4,6.5,3.63
Mizoram,Sugarcane,Rabi,2.71,235.5,35.8,43.8,139.4,45.4,73.9,7.7,76.68
Karnataka,Wheat,Kharif,4.8,228.8,34.0,89.2,73.6,78.9,52.8,6.8,4.4
Sikkim,Rice,Rabi,4.81,161.0,29.5,82.7,60.7,35.3,72.3,7.2,4.36
Bihar,Cotton,Zaid,1.27,52.3,40.0,46.3,62.6,45.6,49.8,7.0,2.07
Karnataka,Sugarcane,Rabi,2.97,221.5,24.6,81.4,81.6,55.3,52.1,7.1,98.52
Jharkhand,Wheat,Kharif,2.5,295.5,38.8,87.4,57.5,65.8,36.9,7.2,5.46
Manipur,Wheat,Kharif,0.61,75.7,36.9,72.4,108.2,36.6,40.9,5.6,2.79
Nagaland,Rice,Zaid,0.79,90.4,19.1,70.1,89.8,32.7,49.2,7.6,3.88
Manipur,Cotton,Zaid,1.74,294.3,17.8,67.8,109.0,41.0,72.8,7.0,2.52
Tripura,Maize,Kharif,4.86,195.9,28.6,79.7,89.2,37.5,71.4,5.9,4.78
Sikkim,Wheat,Kharif,4.55,157.5,28.3,69.5,72.1,77.2,60.4,7.5,5.27
Mizoram,Maize,Rabi,3.48,181.6,33.4,52.0,76.3,31.9,59.7,6.6,4.55
Tamil Nadu,Maize,Zaid,1.67,92.1,20.9,40.6,52.6,46.3,30.7,7.8,2.16
Madhya Pradesh,Soybean,Rabi,2.66,168.7,20.2,63.3,64.1,62.2,79.4,7.6,2.69
Gujarat,Sugarcane,Zaid,1.12,268.8,26.7,65.8,76.2,78.9,84.8,7.3,63.6
Meghalaya,Cotton,Kharif,1.25,97.6,36.5,62.1,106.7,56.8,54.8,7.2,2.32
Assam,Soybean,Kharif,3.77,66.3,21.6,58.4,78.5,74.3,80.9,5.9,3.27
West Bengal,Soybean,Kharif,3.37,201.5,25.4,42.9,61.3,51.0,68.8,6.9,2.25
Manipur,Sugarcane,Zaid,3.45,274.9,15.4,88.5,97.7,61.3,82.5,6.4,81.85
West Bengal,Wheat,Kharif,0.52,246.0,27.0,45.0,81.9,43.8,87.3,7.1,3.19
Goa,Soybean,Rabi,3.9,145.1,28.3,44.4,100.6,73.1,82.6,6.7,1.52
Kerala,Wheat,Rabi,1.85,98.2,24.7,68.8,132.3,68.3,30.3,6.9,3.94
Andhra Pradesh,Cotton,Kharif,2.22,224.8,26.8,49.4,91.7,30.9,72.7,6.2,2.22
Madhya Pradesh,Maize,Kharif,1.72,199.8,18.6,62.3,145.2,65.4,78.5,6.4,3.58
Meghalaya,Wheat,Rabi,3.72,225.7,31.5,56.0,123.7,76.5,57.7,5.6,3.08
Andhra Pradesh,Sugarcane,Rabi,1.34,267.6,21.6,54.8,69.2,64.7,46.1,6.4,82.87
Punjab,Wheat,Kharif,0.97,243.6,35.4,88.8,129.3,61.3,30.5,6.8,4.5
Uttarakhand,Rice,Zaid,0.65,105.3,29.8,70.3,99.7,75.2,58.0,6.9,5.44
Uttar Pradesh,Wheat,Kharif,4.99,60.5,37.0,80.3,67.1,46.9,86.8,6.4,3.97
Tamil Nadu,Soybean,Rabi,3.98,136.8,29.0,77.5,76.0,38.0,52.1,6.4,2.52
Tripura,Maize,Kharif,4.89,200.3,15.8,73.8,100.7,38.4,50.6,6.1,3.67
Sikkim,Sugarcane,Zaid,3.73,71.3,25.3,42.0,63.2,31.6,55.2,5.7,78.73
Bihar,Rice,Kharif,3.73,42.0,28.0,66.1,123.2,30.1,60.6,7.5,3.98
Goa,Sugarcane,Kharif,3.74,227.6,24.8,47.9,62.0,55.7,87.7,5.5,85.12
Telangana,Rice,Zaid,2.61,248.8,20.9,73.5,126.3,71.8,48.2,6.4,3.98
Maharashtra,Rice,Zaid,1.03,268.3,19.3,80.1,66.6,43.3,49.0,6.8,5.83
Manipur,Wheat,Kharif,1.01,162.7,25.2,44.0,106.5,64.0,62.2,6.7,2.88
Bihar,Rice,Zaid,3.3,268.7,21.5,57.2,87.6,33.7,54.2,6.0,5.12
Nagaland,Maize,Zaid,2.87,51.2,17.9,72.0,54.1,53.3,62.8,7.0,3.48
Goa,Rice,Zaid,2.84,273.9,26.3,80.8,117.7,33.7,76.8,6.6,5.19
Punjab,Rice,Kharif,1.04,172.1,25.5,57.1,141.0,50.9,72.6,5.7,3.69
Telangana,Rice,Kharif,3.9,207.9,16.7,57.4,52.7,42.6,70.6,7.4,4.52
Haryana,Maize,Rabi,2.24,44.7,39.3,58.6,106.4,63.0,56.7,6.0,3.51
Goa,Rice,Rabi,0.89,141.8,19.8,67.8,76.2,31.3,43.1,6.2,6.08
Punjab,Maize,Rabi,4.71,52.9,20.3,53.4,76.1,79.8,48.3,7.7,3.66
Chhattisgarh,Soybean,Kharif,3.4,167.9,26.1,72.7,141.8,60.7,58.0,7.4,3.31
Chhattisgarh,Maize,Rabi,4.61,149.9,22.9,45.9,90.3,30.9,86.8,7.7,3.2
Arunachal Pradesh,Cotton,Zaid,4.3,145.5,28.5,69.2,147.6,72.9,59.7,5.5,3.29
Uttar Pradesh,Maize,Zaid,2.06,219.3,24.4,76.6,50.9,33.8,57.6,5.7,2.78
Himachal Pradesh,Maize,Kharif,1.99,246.2,29.0,57.1,128.8,43.5,43.2,6.4,3.14
Maharashtra,Rice,Zaid,2.19,42.5,39.1,80.4,108.4,49.8,83.2,5.6,4.67
Punjab,Cotton,Zaid,2.01,163.3,23.8,40.9,109.2,65.2,63.2,6.1,2.58
Goa,Maize,Rabi,0.53,241.3,20.4,64.6,103.0,73.1,62.2,6.8,2.56
Sikkim,Wheat,Kharif,2.24,157.5,35.6,65.5,88.3,40.7,81.1,6.5,3.85
Arunachal Pradesh,Rice,Zaid,1.84,255.4,39.7,82.8,70.6,40.5,34.8,7.4,6.32
Meghalaya,Cotton,Kharif,1.49,285.7,16.4,45.9,78.4,56.4,36.1,7.5,2.54
Goa,Soybean,Kharif,3.83,260.8,23.3,64.3,107.4,79.5,82.1,7.5,2.33
Andhra Pradesh,Wheat,Kharif,3.3,269.8,25.3,56.8,143.9,53.6,68.4,6.0,3.33
Meghalaya,Soybean,Rabi,4.85,98.8,33.2,83.6,57.1,68.3,49.5,7.2,2.82
Goa,Cotton,Rabi,1.02,66.8,18.1,49.0,132.8,75.0,54.8,6.8,1.42
Mizoram,Sugarcane,Kharif,2.03,88.1,28.3,85.9,56.6,40.3,40.7,6.9,99.28
Rajasthan,Rice,Kharif,0.91,47.1,16.1,70.1,147.6,34.0,89.9,7.2,6.2
Tripura,Maize,Zaid,4.95,56.1,37.7,72.8,129.9,30.0,74.0,7.5,2.82
Meghalaya,Maize,Kharif,2.18,140.6,23.1,40.7,69.5,76.4,50.5,7.0,3.56
Assam,Wheat,Rabi,1.98,159.2,15.5,83.9,114.3,48.3,51.9,7.5,4.31
Punjab,Maize,Zaid,3.67,131.5,39.9,74.5,99.9,43.0,38.3,5.9,3.0
Andhra Pradesh,Wheat,Zaid,3.5,41.3,36.8,69.8,120.5,53.6,45.6,6.0,2.9
Rajasthan,Maize,Kharif,1.1,92.6,17.2,46.1,51.4,70.2,65.5,6.2,4.5
Kerala,Rice,Rabi,1.02,219.4,19.2,45.9,81.9,78.2,88.4,7.5,4.97
Punjab,Maize,Zaid,2.93,212.0,19.5,61.2,79.4,58.2,32.5,6.7,2.87
Kerala,Cotton,Zaid,2.05,182.4,26.1,55.8,80.7,62.7,90.0,5.9,2.14
Odisha,Cotton,Rabi,4.18,121.3,34.7,43.7,71.4,61.4,43.9,7.3,1.74
Himachal Pradesh,Wheat,Zaid,1.02,254.4,19.4,89.0,148.5,33.3,53.1,7.4,3.36
Mizoram,Sugarcane,Rabi,2.83,226.1,19.6,78.9,107.5,40.7,70.9,6.8,92.46
Assam,Maize,Zaid,0.99,152.5,35.7,40.2,112.3,36.0,79.9,6.0,3.07
Assam,Rice,Kharif,4.1,163.3,32.1,42.8,105.8,64.2,32.8,7.4,4.73
Haryana,Maize,Zaid,2.5,253.1,15.1,54.6,111.2,72.8,44.8,5.8,2.43
Chhattisgarh,Soybean,Kharif,2.21,117.1,25.6,73.6,113.2,75.7,63.6,6.7,1.62
Gujarat,Maize,Kharif,3.04,61.0,17.1,89.9,91.3,42.2,40.3,6.0,3.03
Telangana,Wheat,Kharif,0.61,202.1,27.1,52.3,95.7,70.8,85.7,7.1,4.54
Uttar Pradesh,Wheat,Zaid,4.75,232.5,38.4,61.7,122.8,69.6,56.2,6.3,3.1
Jharkhand,Cotton,Rabi,2.93,79.7,25.6,54.4,54.8,67.5,31.4,6.1,2.9
Tripura,Cotton,Zaid,3.25,266.5,35.8,49.1,56.3,73.4,85.5,7.7,1.71
Gujarat,Cotton,Zaid,3.84,92.6,23.9,42.8,68.8,59.8,48.7,7.5,3.02
Tamil Nadu,Sugarcane,Kharif,2.03,292.7,37.1,69.8,147.8,65.8,77.9,6.6,94.92
Mizoram,Cotton,Kharif,1.3,194.3,16.0,78.9,95.7,58.3,41.7,6.4,2.28
Nagaland,Cotton,Zaid,3.18,299.4,15.6,57.6,116.4,44.3,46.4,7.2,2.67
West Bengal,Rice,Kharif,2.15,216.8,15.7,51.1,134.8,37.2,41.2,6.1,3.68
Goa,Sugarcane,Zaid,1.98,69.9,19.9,40.7,127.0,69.9,62.1,6.9,85.91
Tripura,Rice,Zaid,2.67,222.3,26.8,67.6,117.0,55.5,40.0,5.6,5.2
